season_number	avg_rating
1	8.970000076293946
2	8.820000076293946
3	8.939999961853028
4	9.230000019073486
5	8.700000047683716
6	8.989999961853027
7	9.02857140132359
8	6.416666666666667
